imei,billing,day,verdict,basis,fixes,travelled_km,speed_claims_km,ratio,median_gap_s,coverage,note
353691849593826,running,21-12-2025,SILENT,last-seen-only,0,,,,,,last fix 21-12-2025 (290 days ago)
860922040855599,running,,NEVER SEEN,last-seen-only,0,,,,,,no fix in the store at all
860922040927190,running,07-10-2026,REPORTING,last-seen-only,0,,,,,,last fix 07-10-2026 (0 days ago)
860922040928156,running,,NEVER SEEN,last-seen-only,0,,,,,,no fix in the store at all
860922040944427,running,06-10-2026,REPORTING,last-seen-only,0,,,,,,last fix 06-10-2026 (1 days ago)
862095054500944,running,,NEVER SEEN,last-seen-only,0,,,,,,no fix in the store at all
862846042581515,running,,NEVER SEEN,last-seen-only,0,,,,,,no fix in the store at all
862846042584741,running,24-07-2026,SILENT,last-seen-only,0,,,,,,last fix 24-07-2026 (75 days ago)
862846042584758,running,,NEVER SEEN,last-seen-only,0,,,,,,no fix in the store at all
862846042584766,running,,NEVER SEEN,last-seen-only,0,,,,,,no fix in the store at all
862846042584774,running,16-03-2026,SILENT,last-seen-only,0,,,,,,last fix 16-03-2026 (205 days ago)
862846042584808,running,03-12-2025,SILENT,last-seen-only,0,,,,,,last fix 03-12-2025 (308 days ago)
862846042585268,running,,NEVER SEEN,last-seen-only,0,,,,,,no fix in the store at all
862846042585284,running,14-08-2025,SILENT,last-seen-only,0,,,,,,last fix 14-08-2025 (419 days ago)
862846042585318,running,,NEVER SEEN,last-seen-only,0,,,,,,no fix in the store at all
862846042590755,running,10-08-2026,SILENT,last-seen-only,0,,,,,,last fix 10-08-2026 (58 days ago)
862846042590839,running,20-08-2026,SILENT,last-seen-only,0,,,,,,last fix 20-08-2026 (48 days ago)
862846042590904,running,,NEVER SEEN,last-seen-only,0,,,,,,no fix in the store at all
862846042591118,running,,NEVER SEEN,last-seen-only,0,,,,,,no fix in the store at all
862846042591605,running,,NEVER SEEN,last-seen-only,0,,,,,,no fix in the store at all
862846042591639,running,,NEVER SEEN,last-seen-only,0,,,,,,no fix in the store at all
862846042591712,running,,NEVER SEEN,last-seen-only,0,,,,,,no fix in the store at all
862846042591720,running,,NEVER SEEN,last-seen-only,0,,,,,,no fix in the store at all
862846042591811,running,,NEVER SEEN,last-seen-only,0,,,,,,no fix in the store at all
862846042591852,running,,NEVER SEEN,last-seen-only,0,,,,,,no fix in the store at all
862846042591860,running,,NEVER SEEN,last-seen-only,0,,,,,,no fix in the store at all
862846042591878,running,,NEVER SEEN,last-seen-only,0,,,,,,no fix in the store at all
862846042591894,running,,NEVER SEEN,last-seen-only,0,,,,,,no fix in the store at all
862846042592926,running,,NEVER SEEN,last-seen-only,0,,,,,,no fix in the store at all
862846042592934,running,,NEVER SEEN,last-seen-only,0,,,,,,no fix in the store at all
862846042592942,running,,NEVER SEEN,last-seen-only,0,,,,,,no fix in the store at all
862846042592959,running,,NEVER SEEN,last-seen-only,0,,,,,,no fix in the store at all
862846042592975,running,,NEVER SEEN,last-seen-only,0,,,,,,no fix in the store at all
862846042593007,running,,NEVER SEEN,last-seen-only,0,,,,,,no fix in the store at all
862846042593031,running,,NEVER SEEN,last-seen-only,0,,,,,,no fix in the store at all
862846042593049,running,,NEVER SEEN,last-seen-only,0,,,,,,no fix in the store at all
862846042593064,running,,NEVER SEEN,last-seen-only,0,,,,,,no fix in the store at all
862846042593148,running,,NEVER SEEN,last-seen-only,0,,,,,,no fix in the store at all
862846042593163,running,,NEVER SEEN,last-seen-only,0,,,,,,no fix in the store at all
862846042593213,running,,NEVER SEEN,last-seen-only,0,,,,,,no fix in the store at all
862846042593221,running,,NEVER SEEN,last-seen-only,0,,,,,,no fix in the store at all
862846042620180,running,,NEVER SEEN,last-seen-only,0,,,,,,no fix in the store at all
862846042620255,running,,NEVER SEEN,last-seen-only,0,,,,,,no fix in the store at all
862846042620826,running,,NEVER SEEN,last-seen-only,0,,,,,,no fix in the store at all
862846042620909,running,,NEVER SEEN,last-seen-only,0,,,,,,no fix in the store at all
862846042620933,running,,NEVER SEEN,last-seen-only,0,,,,,,no fix in the store at all
862846042620974,running,,NEVER SEEN,last-seen-only,0,,,,,,no fix in the store at all
862846042621188,running,,NEVER SEEN,last-seen-only,0,,,,,,no fix in the store at all
862846042621261,running,,NEVER SEEN,last-seen-only,0,,,,,,no fix in the store at all
862846042621626,running,,NEVER SEEN,last-seen-only,0,,,,,,no fix in the store at all
862846042621683,running,,NEVER SEEN,last-seen-only,0,,,,,,no fix in the store at all
862846042622004,running,,NEVER SEEN,last-seen-only,0,,,,,,no fix in the store at all
862846042622038,running,,NEVER SEEN,last-seen-only,0,,,,,,no fix in the store at all
862846042622046,running,,NEVER SEEN,last-seen-only,0,,,,,,no fix in the store at all
862846042622129,running,,NEVER SEEN,last-seen-only,0,,,,,,no fix in the store at all
862846042622160,running,,NEVER SEEN,last-seen-only,0,,,,,,no fix in the store at all
862846042622186,running,,NEVER SEEN,last-seen-only,0,,,,,,no fix in the store at all
862846042622202,running,,NEVER SEEN,last-seen-only,0,,,,,,no fix in the store at all
862846042622426,running,07-10-2026,REPORTING,last-seen-only,0,,,,,,last fix 07-10-2026 (0 days ago)
862846042622731,running,19-11-2025,SILENT,last-seen-only,0,,,,,,last fix 19-11-2025 (322 days ago)
862846042622756,running,20-09-2025,SILENT,last-seen-only,0,,,,,,last fix 20-09-2025 (382 days ago)
862846042622772,running,,NEVER SEEN,last-seen-only,0,,,,,,no fix in the store at all
862846042622889,running,05-08-2026,SILENT,last-seen-only,0,,,,,,last fix 05-08-2026 (63 days ago)
862846042622905,running,,NEVER SEEN,last-seen-only,0,,,,,,no fix in the store at all
862846042622913,running,,NEVER SEEN,last-seen-only,0,,,,,,no fix in the store at all
862846042622921,running,07-10-2026,REPORTING,last-seen-only,0,,,,,,last fix 07-10-2026 (0 days ago)
862846042622970,running,11-09-2026,SILENT,last-seen-only,0,,,,,,last fix 11-09-2026 (26 days ago)
862846042623002,running,05-08-2026,SILENT,last-seen-only,0,,,,,,last fix 05-08-2026 (63 days ago)
862846042623010,running,14-08-2026,SILENT,last-seen-only,0,,,,,,last fix 14-08-2026 (54 days ago)
862846042624224,running,21-02-2026,SILENT,last-seen-only,0,,,,,,last fix 21-02-2026 (228 days ago)
862846042624257,running,09-09-2026,SILENT,last-seen-only,0,,,,,,last fix 09-09-2026 (28 days ago)
862846042624273,running,,NEVER SEEN,last-seen-only,0,,,,,,no fix in the store at all
862846042624281,running,,NEVER SEEN,last-seen-only,0,,,,,,no fix in the store at all
862846042625452,running,,NEVER SEEN,last-seen-only,0,,,,,,no fix in the store at all
862846042625478,running,30-07-2026,SILENT,last-seen-only,0,,,,,,last fix 30-07-2026 (69 days ago)
862846042625528,running,27-07-2026,SILENT,last-seen-only,0,,,,,,last fix 27-07-2026 (72 days ago)
862846042628647,running,31-08-2025,SILENT,last-seen-only,0,,,,,,last fix 31-08-2025 (402 days ago)
862846042628860,running,09-09-2026,SILENT,last-seen-only,0,,,,,,last fix 09-09-2026 (28 days ago)
862846042629082,running,,NEVER SEEN,last-seen-only,0,,,,,,no fix in the store at all
862846042630700,running,17-12-2025,SILENT,last-seen-only,0,,,,,,last fix 17-12-2025 (294 days ago)
862846042643893,running,24-06-2026,SILENT,last-seen-only,0,,,,,,last fix 24-06-2026 (105 days ago)
862846042643919,running,30-09-2026,REPORTING,last-seen-only,0,,,,,,last fix 30-09-2026 (7 days ago)
862846042643927,running,,NEVER SEEN,last-seen-only,0,,,,,,no fix in the store at all
862846042643935,running,19-09-2026,SILENT,last-seen-only,0,,,,,,last fix 19-09-2026 (18 days ago)
862846042643943,running,,NEVER SEEN,last-seen-only,0,,,,,,no fix in the store at all
862846042643950,running,,NEVER SEEN,last-seen-only,0,,,,,,no fix in the store at all
862846042643968,running,01-06-2026,SILENT,last-seen-only,0,,,,,,last fix 01-06-2026 (128 days ago)
862846042643976,running,,NEVER SEEN,last-seen-only,0,,,,,,no fix in the store at all
862846042643984,running,,NEVER SEEN,last-seen-only,0,,,,,,no fix in the store at all
862846042644032,running,,NEVER SEEN,last-seen-only,0,,,,,,no fix in the store at all
862846042644040,running,,NEVER SEEN,last-seen-only,0,,,,,,no fix in the store at all
862846042644057,running,,NEVER SEEN,last-seen-only,0,,,,,,no fix in the store at all
862846042644065,running,,NEVER SEEN,last-seen-only,0,,,,,,no fix in the store at all
862846042648470,running,,NEVER SEEN,last-seen-only,0,,,,,,no fix in the store at all
862846042650237,running,,NEVER SEEN,last-seen-only,0,,,,,,no fix in the store at all
862846042650245,running,,NEVER SEEN,last-seen-only,0,,,,,,no fix in the store at all
862846042650286,running,,NEVER SEEN,last-seen-only,0,,,,,,no fix in the store at all
862846042650294,running,,NEVER SEEN,last-seen-only,0,,,,,,no fix in the store at all
862846042650302,running,,NEVER SEEN,last-seen-only,0,,,,,,no fix in the store at all
862846042650328,running,,NEVER SEEN,last-seen-only,0,,,,,,no fix in the store at all
862846042650336,running,,NEVER SEEN,last-seen-only,0,,,,,,no fix in the store at all
862846042650344,running,,NEVER SEEN,last-seen-only,0,,,,,,no fix in the store at all
862846042650369,running,,NEVER SEEN,last-seen-only,0,,,,,,no fix in the store at all
862846042652811,running,,NEVER SEEN,last-seen-only,0,,,,,,no fix in the store at all
862846042652860,running,,NEVER SEEN,last-seen-only,0,,,,,,no fix in the store at all
862846042653694,running,,NEVER SEEN,last-seen-only,0,,,,,,no fix in the store at all
862846042654734,running,,NEVER SEEN,last-seen-only,0,,,,,,no fix in the store at all
862846042654817,running,,NEVER SEEN,last-seen-only,0,,,,,,no fix in the store at all
862846042655764,running,,NEVER SEEN,last-seen-only,0,,,,,,no fix in the store at all
862846042659501,running,,NEVER SEEN,last-seen-only,0,,,,,,no fix in the store at all
862846042659519,running,,NEVER SEEN,last-seen-only,0,,,,,,no fix in the store at all
862846042659543,running,,NEVER SEEN,last-seen-only,0,,,,,,no fix in the store at all
862846042659550,running,,NEVER SEEN,last-seen-only,0,,,,,,no fix in the store at all
862846042659568,running,,NEVER SEEN,last-seen-only,0,,,,,,no fix in the store at all
862846042659691,running,,NEVER SEEN,last-seen-only,0,,,,,,no fix in the store at all
862846042659717,running,,NEVER SEEN,last-seen-only,0,,,,,,no fix in the store at all
862846042659758,running,,NEVER SEEN,last-seen-only,0,,,,,,no fix in the store at all
862846042659949,running,,NEVER SEEN,last-seen-only,0,,,,,,no fix in the store at all
862846042659956,running,,NEVER SEEN,last-seen-only,0,,,,,,no fix in the store at all
862846042659964,running,,NEVER SEEN,last-seen-only,0,,,,,,no fix in the store at all
862846042660079,running,,NEVER SEEN,last-seen-only,0,,,,,,no fix in the store at all
862846042660087,running,,NEVER SEEN,last-seen-only,0,,,,,,no fix in the store at all
862846042660095,running,,NEVER SEEN,last-seen-only,0,,,,,,no fix in the store at all
862846042660103,running,,NEVER SEEN,last-seen-only,0,,,,,,no fix in the store at all
862846042660145,running,,NEVER SEEN,last-seen-only,0,,,,,,no fix in the store at all
862846042660152,running,,NEVER SEEN,last-seen-only,0,,,,,,no fix in the store at all
862846042660160,running,,NEVER SEEN,last-seen-only,0,,,,,,no fix in the store at all
862846042660558,running,,NEVER SEEN,last-seen-only,0,,,,,,no fix in the store at all
862846042660574,running,,NEVER SEEN,last-seen-only,0,,,,,,no fix in the store at all
862846042805708,running,,NEVER SEEN,last-seen-only,0,,,,,,no fix in the store at all
862846042805773,running,,NEVER SEEN,last-seen-only,0,,,,,,no fix in the store at all
862846042805807,running,,NEVER SEEN,last-seen-only,0,,,,,,no fix in the store at all
862846042806268,running,,NEVER SEEN,last-seen-only,0,,,,,,no fix in the store at all
862846042806425,running,,NEVER SEEN,last-seen-only,0,,,,,,no fix in the store at all
862846042806490,running,,NEVER SEEN,last-seen-only,0,,,,,,no fix in the store at all
862846042807100,running,,NEVER SEEN,last-seen-only,0,,,,,,no fix in the store at all
862846042807175,running,,NEVER SEEN,last-seen-only,0,,,,,,no fix in the store at all
862846042807290,running,,NEVER SEEN,last-seen-only,0,,,,,,no fix in the store at all
862846042807779,running,,NEVER SEEN,last-seen-only,0,,,,,,no fix in the store at all
867556044639170,running,,NEVER SEEN,last-seen-only,0,,,,,,no fix in the store at all
867556044639329,running,,NEVER SEEN,last-seen-only,0,,,,,,no fix in the store at all
867556044643735,running,,NEVER SEEN,last-seen-only,0,,,,,,no fix in the store at all
867556044647660,running,,NEVER SEEN,last-seen-only,0,,,,,,no fix in the store at all
867556044648379,running,,NEVER SEEN,last-seen-only,0,,,,,,no fix in the store at all
867556044648577,running,,NEVER SEEN,last-seen-only,0,,,,,,no fix in the store at all
867556044648585,running,,NEVER SEEN,last-seen-only,0,,,,,,no fix in the store at all
867556044648601,running,,NEVER SEEN,last-seen-only,0,,,,,,no fix in the store at all
867556044648726,running,,NEVER SEEN,last-seen-only,0,,,,,,no fix in the store at all
867556044648767,running,,NEVER SEEN,last-seen-only,0,,,,,,no fix in the store at all
867556044648775,running,,NEVER SEEN,last-seen-only,0,,,,,,no fix in the store at all
867556044648890,running,,NEVER SEEN,last-seen-only,0,,,,,,no fix in the store at all
867556044648908,running,,NEVER SEEN,last-seen-only,0,,,,,,no fix in the store at all
867556044650581,running,,NEVER SEEN,last-seen-only,0,,,,,,no fix in the store at all
867556044656679,running,,NEVER SEEN,last-seen-only,0,,,,,,no fix in the store at all
867556044656802,running,,NEVER SEEN,last-seen-only,0,,,,,,no fix in the store at all
867556044656851,running,,NEVER SEEN,last-seen-only,0,,,,,,no fix in the store at all
867556044656885,running,,NEVER SEEN,last-seen-only,0,,,,,,no fix in the store at all
867556044657206,running,,NEVER SEEN,last-seen-only,0,,,,,,no fix in the store at all
867556044657628,running,,NEVER SEEN,last-seen-only,0,,,,,,no fix in the store at all
867556044663287,running,,NEVER SEEN,last-seen-only,0,,,,,,no fix in the store at all
867556044663360,running,,NEVER SEEN,last-seen-only,0,,,,,,no fix in the store at all
867556044663675,running,,NEVER SEEN,last-seen-only,0,,,,,,no fix in the store at all
867556044663741,running,,NEVER SEEN,last-seen-only,0,,,,,,no fix in the store at all
867556044663816,running,,NEVER SEEN,last-seen-only,0,,,,,,no fix in the store at all
867556044663899,running,,NEVER SEEN,last-seen-only,0,,,,,,no fix in the store at all
867556044663907,running,,NEVER SEEN,last-seen-only,0,,,,,,no fix in the store at all
867556044663915,running,,NEVER SEEN,last-seen-only,0,,,,,,no fix in the store at all
867556044663998,running,,NEVER SEEN,last-seen-only,0,,,,,,no fix in the store at all
867556044664046,running,,NEVER SEEN,last-seen-only,0,,,,,,no fix in the store at all
867556044664475,running,,NEVER SEEN,last-seen-only,0,,,,,,no fix in the store at all
867556044686163,running,,NEVER SEEN,last-seen-only,0,,,,,,no fix in the store at all
867556044689878,running,,NEVER SEEN,last-seen-only,0,,,,,,no fix in the store at all
867556044689928,running,,NEVER SEEN,last-seen-only,0,,,,,,no fix in the store at all
867556044690116,running,,NEVER SEEN,last-seen-only,0,,,,,,no fix in the store at all
867556044690165,running,,NEVER SEEN,last-seen-only,0,,,,,,no fix in the store at all
867556044694449,running,,NEVER SEEN,last-seen-only,0,,,,,,no fix in the store at all
867556044695768,running,,NEVER SEEN,last-seen-only,0,,,,,,no fix in the store at all
867556044711797,running,,NEVER SEEN,last-seen-only,0,,,,,,no fix in the store at all
867556044711938,running,,NEVER SEEN,last-seen-only,0,,,,,,no fix in the store at all
867556044712266,running,,NEVER SEEN,last-seen-only,0,,,,,,no fix in the store at all
867556044712704,running,,NEVER SEEN,last-seen-only,0,,,,,,no fix in the store at all
867556044713439,running,,NEVER SEEN,last-seen-only,0,,,,,,no fix in the store at all
867556044713504,running,,NEVER SEEN,last-seen-only,0,,,,,,no fix in the store at all
867556044713587,running,,NEVER SEEN,last-seen-only,0,,,,,,no fix in the store at all
867556044713645,running,,NEVER SEEN,last-seen-only,0,,,,,,no fix in the store at all
867556044714270,running,,NEVER SEEN,last-seen-only,0,,,,,,no fix in the store at all
867556044714627,running,,NEVER SEEN,last-seen-only,0,,,,,,no fix in the store at all
867556044715236,running,,NEVER SEEN,last-seen-only,0,,,,,,no fix in the store at all
867556044715285,running,,NEVER SEEN,last-seen-only,0,,,,,,no fix in the store at all
867556044715327,running,,NEVER SEEN,last-seen-only,0,,,,,,no fix in the store at all
867556044715392,running,,NEVER SEEN,last-seen-only,0,,,,,,no fix in the store at all
867556044715400,running,,NEVER SEEN,last-seen-only,0,,,,,,no fix in the store at all
867556044715434,running,,NEVER SEEN,last-seen-only,0,,,,,,no fix in the store at all
867556044715467,running,,NEVER SEEN,last-seen-only,0,,,,,,no fix in the store at all
867556044715475,running,,NEVER SEEN,last-seen-only,0,,,,,,no fix in the store at all
867556044715558,running,,NEVER SEEN,last-seen-only,0,,,,,,no fix in the store at all
867556044715566,running,,NEVER SEEN,last-seen-only,0,,,,,,no fix in the store at all
867556044715939,running,,NEVER SEEN,last-seen-only,0,,,,,,no fix in the store at all
867556044716002,running,,NEVER SEEN,last-seen-only,0,,,,,,no fix in the store at all
867556044716192,running,,NEVER SEEN,last-seen-only,0,,,,,,no fix in the store at all
867556044716200,running,,NEVER SEEN,last-seen-only,0,,,,,,no fix in the store at all
867556044716242,running,,NEVER SEEN,last-seen-only,0,,,,,,no fix in the store at all
867556044716341,running,,NEVER SEEN,last-seen-only,0,,,,,,no fix in the store at all
867556044716374,running,,NEVER SEEN,last-seen-only,0,,,,,,no fix in the store at all
867556044716382,running,,NEVER SEEN,last-seen-only,0,,,,,,no fix in the store at all
867556044716416,running,,NEVER SEEN,last-seen-only,0,,,,,,no fix in the store at all
867556044716424,running,,NEVER SEEN,last-seen-only,0,,,,,,no fix in the store at all
867556044716556,running,,NEVER SEEN,last-seen-only,0,,,,,,no fix in the store at all
867556044716747,running,,NEVER SEEN,last-seen-only,0,,,,,,no fix in the store at all
867556044716770,running,,NEVER SEEN,last-seen-only,0,,,,,,no fix in the store at all
867556044716846,running,,NEVER SEEN,last-seen-only,0,,,,,,no fix in the store at all
867556044716861,running,,NEVER SEEN,last-seen-only,0,,,,,,no fix in the store at all
867556044716945,running,,NEVER SEEN,last-seen-only,0,,,,,,no fix in the store at all
867556044717083,running,,NEVER SEEN,last-seen-only,0,,,,,,no fix in the store at all
867556044717091,running,,NEVER SEEN,last-seen-only,0,,,,,,no fix in the store at all
867556044717240,running,,NEVER SEEN,last-seen-only,0,,,,,,no fix in the store at all
867556044718735,running,,NEVER SEEN,last-seen-only,0,,,,,,no fix in the store at all
867556044725045,running,,NEVER SEEN,last-seen-only,0,,,,,,no fix in the store at all
867556044725052,running,,NEVER SEEN,last-seen-only,0,,,,,,no fix in the store at all
867556044725185,running,,NEVER SEEN,last-seen-only,0,,,,,,no fix in the store at all
867556044725193,running,,NEVER SEEN,last-seen-only,0,,,,,,no fix in the store at all
867556044725219,running,,NEVER SEEN,last-seen-only,0,,,,,,no fix in the store at all
867556044725227,running,,NEVER SEEN,last-seen-only,0,,,,,,no fix in the store at all
867556044725292,running,,NEVER SEEN,last-seen-only,0,,,,,,no fix in the store at all
867556044725490,running,,NEVER SEEN,last-seen-only,0,,,,,,no fix in the store at all
867556044725599,running,,NEVER SEEN,last-seen-only,0,,,,,,no fix in the store at all
867556044725607,running,,NEVER SEEN,last-seen-only,0,,,,,,no fix in the store at all
867556044725680,running,,NEVER SEEN,last-seen-only,0,,,,,,no fix in the store at all
867556044726910,running,,NEVER SEEN,last-seen-only,0,,,,,,no fix in the store at all
867556044726977,running,,NEVER SEEN,last-seen-only,0,,,,,,no fix in the store at all
867556044726985,running,,NEVER SEEN,last-seen-only,0,,,,,,no fix in the store at all
867556044727041,running,,NEVER SEEN,last-seen-only,0,,,,,,no fix in the store at all
867556044727140,running,,NEVER SEEN,last-seen-only,0,,,,,,no fix in the store at all
867556044727256,running,,NEVER SEEN,last-seen-only,0,,,,,,no fix in the store at all
867556044727280,running,,NEVER SEEN,last-seen-only,0,,,,,,no fix in the store at all
867556044727298,running,,NEVER SEEN,last-seen-only,0,,,,,,no fix in the store at all
867556044727306,running,,NEVER SEEN,last-seen-only,0,,,,,,no fix in the store at all
867556044727322,running,,NEVER SEEN,last-seen-only,0,,,,,,no fix in the store at all
867556044727348,running,,NEVER SEEN,last-seen-only,0,,,,,,no fix in the store at all
867556044727363,running,,NEVER SEEN,last-seen-only,0,,,,,,no fix in the store at all
867556044727371,running,,NEVER SEEN,last-seen-only,0,,,,,,no fix in the store at all
867556044727397,running,,NEVER SEEN,last-seen-only,0,,,,,,no fix in the store at all
867556044727421,running,,NEVER SEEN,last-seen-only,0,,,,,,no fix in the store at all
867556044727470,running,,NEVER SEEN,last-seen-only,0,,,,,,no fix in the store at all
867556044727512,running,,NEVER SEEN,last-seen-only,0,,,,,,no fix in the store at all
867556044727561,running,,NEVER SEEN,last-seen-only,0,,,,,,no fix in the store at all
867556044727637,running,,NEVER SEEN,last-seen-only,0,,,,,,no fix in the store at all
867556044727660,running,,NEVER SEEN,last-seen-only,0,,,,,,no fix in the store at all
867556044727686,running,,NEVER SEEN,last-seen-only,0,,,,,,no fix in the store at all
867556044727736,running,,NEVER SEEN,last-seen-only,0,,,,,,no fix in the store at all
867556044727983,running,,NEVER SEEN,last-seen-only,0,,,,,,no fix in the store at all
867556044728114,running,,NEVER SEEN,last-seen-only,0,,,,,,no fix in the store at all
867556044728221,running,,NEVER SEEN,last-seen-only,0,,,,,,no fix in the store at all
867556044728270,running,,NEVER SEEN,last-seen-only,0,,,,,,no fix in the store at all
867556044728320,running,,NEVER SEEN,last-seen-only,0,,,,,,no fix in the store at all
867556044728387,running,,NEVER SEEN,last-seen-only,0,,,,,,no fix in the store at all
867556044728403,running,,NEVER SEEN,last-seen-only,0,,,,,,no fix in the store at all
867556044728437,running,,NEVER SEEN,last-seen-only,0,,,,,,no fix in the store at all
867556044728452,running,,NEVER SEEN,last-seen-only,0,,,,,,no fix in the store at all
867556044728460,running,,NEVER SEEN,last-seen-only,0,,,,,,no fix in the store at all
867556044728494,running,,NEVER SEEN,last-seen-only,0,,,,,,no fix in the store at all
867556044728601,running,,NEVER SEEN,last-seen-only,0,,,,,,no fix in the store at all
867556044757790,running,,NEVER SEEN,last-seen-only,0,,,,,,no fix in the store at all
867556044757949,running,,NEVER SEEN,last-seen-only,0,,,,,,no fix in the store at all
867556044758004,running,,NEVER SEEN,last-seen-only,0,,,,,,no fix in the store at all
867556044758228,running,,NEVER SEEN,last-seen-only,0,,,,,,no fix in the store at all
867556044759408,running,,NEVER SEEN,last-seen-only,0,,,,,,no fix in the store at all
867556044759671,running,,NEVER SEEN,last-seen-only,0,,,,,,no fix in the store at all
867556044759853,running,,NEVER SEEN,last-seen-only,0,,,,,,no fix in the store at all
867556044759986,running,,NEVER SEEN,last-seen-only,0,,,,,,no fix in the store at all
867556044760018,running,,NEVER SEEN,last-seen-only,0,,,,,,no fix in the store at all
867556044760034,running,,NEVER SEEN,last-seen-only,0,,,,,,no fix in the store at all
867556044760075,running,,NEVER SEEN,last-seen-only,0,,,,,,no fix in the store at all
867556044760091,running,,NEVER SEEN,last-seen-only,0,,,,,,no fix in the store at all
867556044760158,running,,NEVER SEEN,last-seen-only,0,,,,,,no fix in the store at all
867556044760182,running,,NEVER SEEN,last-seen-only,0,,,,,,no fix in the store at all
867556044760398,running,,NEVER SEEN,last-seen-only,0,,,,,,no fix in the store at all
867556044760414,running,,NEVER SEEN,last-seen-only,0,,,,,,no fix in the store at all
867556044760679,running,,NEVER SEEN,last-seen-only,0,,,,,,no fix in the store at all
867556044760687,running,,NEVER SEEN,last-seen-only,0,,,,,,no fix in the store at all
867556044760828,running,,NEVER SEEN,last-seen-only,0,,,,,,no fix in the store at all
867556044760935,running,,NEVER SEEN,last-seen-only,0,,,,,,no fix in the store at all
867556044774720,running,,NEVER SEEN,last-seen-only,0,,,,,,no fix in the store at all
867556044774738,running,,NEVER SEEN,last-seen-only,0,,,,,,no fix in the store at all
867556044774837,running,,NEVER SEEN,last-seen-only,0,,,,,,no fix in the store at all
867556044774845,running,,NEVER SEEN,last-seen-only,0,,,,,,no fix in the store at all
867556044774852,running,,NEVER SEEN,last-seen-only,0,,,,,,no fix in the store at all
867556044774860,running,,NEVER SEEN,last-seen-only,0,,,,,,no fix in the store at all
867556044774902,running,,NEVER SEEN,last-seen-only,0,,,,,,no fix in the store at all
867556044774910,running,,NEVER SEEN,last-seen-only,0,,,,,,no fix in the store at all
867556044774928,running,,NEVER SEEN,last-seen-only,0,,,,,,no fix in the store at all
867556044774936,running,,NEVER SEEN,last-seen-only,0,,,,,,no fix in the store at all
867556044774944,running,,NEVER SEEN,last-seen-only,0,,,,,,no fix in the store at all
867556044774969,running,,NEVER SEEN,last-seen-only,0,,,,,,no fix in the store at all
867556044774985,running,,NEVER SEEN,last-seen-only,0,,,,,,no fix in the store at all
867556044775024,running,,NEVER SEEN,last-seen-only,0,,,,,,no fix in the store at all
867556044775032,running,,NEVER SEEN,last-seen-only,0,,,,,,no fix in the store at all
867556044776121,running,,NEVER SEEN,last-seen-only,0,,,,,,no fix in the store at all
867556044776139,running,,NEVER SEEN,last-seen-only,0,,,,,,no fix in the store at all
867556044776238,running,,NEVER SEEN,last-seen-only,0,,,,,,no fix in the store at all
